amazon_sku,amazon_delimiter,walmart_sku,walmart_delimiter,wayfair_sku,wayfair_delimiter,houzz_sku,houzz_delimiter
CO100-02,6,,,,,CO100-109,6
,,,,,,CO100-04,6
,,,,,,CO100-02,6
,,,,,,CO100-17,6
,,,,,,CO100-10,6
,,,,,,CO100-11,6
,,,,,,CO100-115,6
,,,,,,CO100-26,6
,,,,,,CO600-02,6
,,,,,,CO600-11,6
,,,,,,CO600-04,6
,,,,,,CO600-115,6
,,,,,,CO900-115,6
,,,,,,CO900-10,6
,,,,,,CO900-58,6
,,,,,,CO900-70,6
,,,,,,CO810-26,6
,,,,,,CO810-115,6
,,,,,,CO810-10,6
,,,,,,CO810-11,6
,,,,,,COA1420,6
,,,,,,COA1422,6
,,,,,,COA1520,6
,,,,,,COA1526,6
,,,,,,COA1510,6
,,,,,,COA1522,6
,,,,,,COS-032,6
,,,,,,COS-041,6
